City_ID,City,Lat,Lng,Max Temp,Humidity,Cloudiness,Wind Speed,Country,Date
0,bethel,41.3712,-73.414,42.55,68,7,4.0,US,1702325191
1,carnarvon,-24.8667,113.6333,74.86,58,0,7.29,AU,1702325191
2,papatowai,-46.5619,169.4708,47.79,70,54,19.91,NZ,1702325192
3,lakheri,25.6667,76.1667,61.57,45,0,2.93,IN,1702325192
4,afaahiti,-17.75,-149.2833,82.27,80,92,22.41,PF,1702325192
5,san antonio de pale,-1.4014,5.6325,77.13,88,100,4.81,GQ,1702325095
6,waitangi,-43.9535,-176.5597,57.81,88,100,8.01,NZ,1702325192
7,carutapera,-1.195,-46.02,83.71,69,35,10.49,BR,1702325193
8,bamboo flat,11.7,92.7167,82.49,78,40,2.3,IN,1702325062
9,grytviken,-54.2811,-36.5092,39.13,74,54,12.93,GS,1702325193
10,port mathurin,-19.6833,63.4167,79.05,75,100,7.43,MU,1702325194
11,jamestown,42.097,-79.2353,32.56,87,100,13.8,US,1702325022
12,susuman,62.7833,148.1667,-7.02,96,100,5.01,RU,1702325194
13,klyuchi,52.2667,79.1667,-10.97,87,17,13.42,RU,1702325194
14,perryton,36.4,-100.8027,57.2,21,0,3.44,US,1702325194
15,kendari,-3.945,122.4989,76.77,93,98,1.59,ID,1702325194
16,poronaysk,49.2167,143.1167,-0.18,88,16,5.35,RU,1702324927
17,ouargla,31.9493,5.325,64.47,29,0,9.22,DZ,1702325195
18,edinburgh of the seven seas,-37.0676,-12.3116,56.59,86,100,20.47,SH,1702325195
19,uyuni,-20.4597,-66.825,66.11,33,100,5.59,BO,1702325195
20,bozoum,6.3193,16.3799,73.65,28,100,3.74,CF,1702325195
21,college,64.8569,-147.8028,9.46,90,100,6.58,US,1702324803
22,namibe,-15.1961,12.1522,72.46,69,39,5.26,AO,1702325002
23,sabang,5.8933,95.3214,80.6,78,79,1.43,ID,1702324955
24,ko pha ngan,9.7578,100.0291,77.68,77,60,8.41,TH,1702325196
25,altamira,-3.2033,-52.2064,89.69,55,75,3.44,BR,1702325196
26,ushuaia,-54.8,-68.3,53.26,40,0,5.75,AR,1702325197
27,whitehorse,60.7161,-135.0538,27.37,80,75,18.41,CA,1702324913
28,port-aux-francais,-49.35,70.2167,41.85,96,98,19.39,TF,1702325197
29,pandan,14.0453,124.1694,78.98,86,68,9.73,PH,1702325197
30,olonkinbyen,70.9221,-8.7187,31.91,98,100,16.55,SJ,1702325197
31,kuala belait,4.5833,114.1833,77.16,90,3,4.5,BN,1702325198
32,cavalaire-sur-mer,43.174,6.5272,66.02,76,74,16.49,FR,1702325198
33,barrinha,-21.1936,-48.1639,88.29,48,84,4.25,BR,1702325198
34,iqaluit,63.7506,-68.5145,2.93,72,75,14.97,CA,1702325199
35,eno,62.8051,30.1542,9.1,95,100,5.35,FI,1702325199
36,constantia,44.1833,28.65,38.08,82,10,8.5,RO,1702325199
37,jarabacoa,19.1218,-70.6422,79.88,55,1,8.75,DO,1702325199
38,sterling,39.0062,-77.4286,46.98,56,40,16.11,US,1702325199
39,wailua homesteads,22.0669,-159.378,79.23,86,40,5.75,US,1702325199
40,tura,25.5198,90.2201,59.34,87,0,3.49,IN,1702325200
41,thompson,55.7435,-97.8558,14.16,79,100,16.11,CA,1702325200
42,huamachuco,-7.8,-78.0667,62.91,59,96,4.97,PE,1702325200
43,plaza huincul,-38.926,-69.2086,83.14,10,44,5.99,AR,1702325200
44,punta arenas,-53.15,-70.9167,53.71,47,75,19.57,CL,1702324901
45,broken hill,-31.95,141.4333,71.6,54,43,8.7,AU,1702325014
46,mikashevichy,52.2173,27.476,32.88,99,100,12.24,BY,1702325201
47,bacalar,18.6667,-88.3833,77.11,78,100,11.5,MX,1702325201
48,puerto natales,-51.7236,-72.4875,55.85,44,75,21.85,CL,1702325201
49,bayan,46.0833,127.4,-11.87,91,100,3.11,CN,1702325201
50,andrijevica,42.7339,19.7919,38.19,75,100,6.98,ME,1702325202
51,broome,42.2506,-75.833,34.9,90,100,11.5,US,1702325202
52,cabo san lucas,22.8909,-109.9124,83.61,61,0,10.36,MX,1702325105
53,udachny,66.4167,112.4,-13.56,97,100,10.07,RU,1702325202
54,karasburg,-28.0167,18.75,72.93,26,0,16.13,NA,1702325202
55,hermanus,-34.4187,19.2345,64.0,78,32,4.5,ZA,1702325203
56,kavaratti,10.5669,72.642,83.07,74,87,4.83,IN,1702325203
57,arteche,12.2645,125.4048,77.68,90,78,5.99,PH,1702325203
58,nyurba,63.2842,118.3319,-22.47,99,99,5.14,RU,1702325203
59,lihue,21.9789,-159.3672,79.84,82,40,5.75,US,1702325033
60,albany,42.6001,-73.9662,39.58,74,11,11.01,US,1702325204
61,qarqaraly,49.4058,75.4742,-16.42,97,100,11.68,KZ,1702325204
62,arraial do cabo,-22.9661,-42.0278,75.16,88,100,12.66,BR,1702324974
63,iskateley,67.6803,53.1512,5.02,92,100,20.0,RU,1702325204
64,saldanha,-33.0117,17.9442,63.61,90,12,13.38,ZA,1702325204
65,avarua,-21.2078,-159.775,78.85,83,100,24.16,CK,1702325205
66,lebu,-37.6167,-73.65,60.4,68,100,9.1,CL,1702325205
67,minas de marcona,-15.2119,-75.1103,69.39,62,8,14.65,PE,1702325205
68,georgetown,5.4112,100.3354,80.53,89,20,0.0,MY,1702325205
69,taguatinga,-12.3857,-46.5711,89.06,39,95,6.29,BR,1702325205
70,adamstown,-25.066,-130.1015,70.79,61,1,5.55,PN,1702324908
71,luderitz,-26.6481,15.1594,67.69,58,0,21.34,NA,1702325205
72,nogliki,51.8333,143.1667,-3.66,86,14,13.0,RU,1702325206
73,keflavik,64.0049,-22.5624,34.23,75,40,8.05,IS,1702325206
74,bayanaul,50.7889,75.6956,-14.57,92,100,10.56,KZ,1702325206
75,yellowknife,62.456,-114.3525,-17.32,99,16,3.06,CA,1702325206
76,west island,-12.1568,96.8225,76.98,83,87,5.75,CC,1702325206
77,tiksi,71.6872,128.8694,-8.34,100,100,9.31,RU,1702325207
78,zouerate,22.7187,-12.4521,67.14,17,0,8.93,MR,1702325207
79,vilyuchinsk,52.9306,158.4028,23.27,85,12,7.85,RU,1702325207
80,blackmans bay,-43.0167,147.3167,50.52,93,20,1.81,AU,1702325207
81,atafu village,-8.5421,-172.5159,83.17,80,100,24.32,TK,1702325208
82,port elizabeth,-33.918,25.5701,66.09,89,0,2.86,ZA,1702325208
83,ilulissat,69.2167,-51.1,35.62,64,75,14.97,GL,1702325208
84,sihanoukville,10.6093,103.5296,76.95,100,20,3.44,KH,1702325208
85,ust-nera,64.5667,143.2,-2.67,98,100,8.08,RU,1702324914
86,arboletes,8.8505,-76.4269,85.46,75,24,6.64,CO,1702325208
87,kingston,17.997,-76.7936,91.24,65,20,17.27,JM,1702325139
88,talnakh,69.4865,88.3972,-16.08,98,100,10.0,RU,1702325209
89,vilhena,-12.7406,-60.1458,73.62,94,75,6.91,BR,1702325144
90,jalai nur,49.45,117.7,-13.18,98,100,2.24,CN,1702325209
91,okhotsk,59.3833,143.3,17.01,89,100,6.58,RU,1702325126
92,alta gracia,-31.6529,-64.4283,89.53,31,0,16.31,AR,1702325210
93,chernyshevskiy,63.0128,112.4714,-25.91,99,100,2.51,RU,1702325210
94,longyearbyen,78.2186,15.6401,21.04,68,75,11.5,SJ,1702325210
95,shimokizukuri,40.8061,140.3861,33.53,83,100,4.81,JP,1702324939
96,margaret river,-33.95,115.0667,58.5,70,0,8.48,AU,1702325211
97,abnub,27.2696,31.1511,61.84,43,0,8.68,EG,1702325212
98,cuyo,10.8525,121.0086,82.44,81,77,22.17,PH,1702325212
99,richards bay,-28.783,32.0377,68.52,94,100,6.4,ZA,1702325212
100,hadibu,12.65,54.0333,76.48,67,44,9.93,YE,1702325213
101,dudinka,69.4058,86.1778,-12.32,98,100,14.0,RU,1702324923
102,isafjordur,66.0755,-23.124,23.22,86,94,1.7,IS,1702325213
103,nikolayevsk-on-amure,53.1406,140.73,-10.26,88,16,6.71,RU,1702325213
104,peace river,56.2501,-117.286,17.91,73,75,6.91,CA,1702325027
105,rakops,-21.0167,24.3333,82.56,47,38,6.26,BW,1702325214
106,kodiak,57.79,-152.4072,29.71,69,0,5.75,US,1702325214
107,rabo de peixe,37.8,-25.5833,58.51,82,40,8.05,PT,1702325214
108,garhmuktesar,28.8,78.1,55.83,31,0,3.89,IN,1702325214
109,ribas do rio pardo,-20.4431,-53.7592,95.68,33,71,3.49,BR,1702325214
110,miri,4.4148,114.0089,77.14,100,40,3.44,MY,1702325165
111,laungowal,30.2167,75.6833,55.85,28,0,4.59,IN,1702325215
112,hlusk,52.903,28.6845,31.84,97,100,11.83,BY,1702325215
113,gadzhiyevo,69.2551,33.3362,7.95,91,92,18.34,RU,1702325215
114,vorgashor,67.5833,63.95,-5.3,94,100,11.32,RU,1702325215
115,morondava,-20.2833,44.2833,81.73,80,21,6.31,MG,1702325215
116,tazovsky,67.4667,78.7,-13.07,95,100,9.44,RU,1702325216
117,brookings,44.3114,-96.7984,42.8,59,0,16.11,US,1702325216
118,fortaleza,-3.7227,-38.5247,87.08,70,0,12.66,BR,1702325216
119,bredasdorp,-34.5322,20.0403,63.3,71,5,5.01,ZA,1702325216
120,victorica,-36.2151,-65.4359,96.28,18,0,13.04,AR,1702325217
121,pudasjarvi,65.3833,26.9167,2.16,98,90,3.22,FI,1702325217
122,lashio,22.9333,97.75,59.92,85,76,1.28,MM,1702325168
123,mount hagen,-5.8581,144.2274,56.39,98,75,2.01,PG,1702325217
124,puerto ayora,-0.7393,-90.3518,82.36,78,78,8.59,EC,1702325217
125,kilindoni,-7.9139,39.6668,82.02,73,100,6.85,TZ,1702325217
126,kone,-21.0595,164.8658,74.91,67,61,3.33,NC,1702325218
127,severo-yeniseyskiy,60.3725,93.0408,-40.43,100,84,1.01,RU,1702325218
128,puerto leguizamo,-0.1934,-74.7819,89.06,57,77,1.97,CO,1702325218
129,bilibino,68.0546,166.4372,-2.52,94,100,3.47,RU,1702325218
130,quellon,-43.1167,-73.6167,51.82,94,100,3.8,CL,1702325218
131,qui nhon,13.7667,109.2333,72.37,90,25,6.04,VN,1702325219
132,st. john's,47.5649,-52.7093,51.28,97,100,3.0,CA,1702325219
133,katsuura,35.1333,140.3,55.42,86,100,21.43,JP,1702325219
134,vilyuysk,63.7553,121.6247,-16.69,97,100,6.98,RU,1702325220
135,badger,64.8,-147.5333,19.27,79,75,5.75,US,1702325220
136,mills river,35.3885,-82.5668,48.45,62,0,10.36,US,1702325220
137,egilsstadir,65.2653,-14.3948,18.12,83,35,6.38,IS,1702325220
138,mont-laurier,46.5501,-75.4993,24.94,81,100,9.35,CA,1702325220
139,barranca,-10.75,-77.7667,71.96,72,13,11.07,PE,1702325221
140,zeya,53.75,127.2667,-22.52,91,5,3.49,RU,1702325221
141,laascaanood,8.4774,47.3597,75.0,51,23,9.95,SO,1702325221
142,petropavlovsk-kamchatsky,53.0452,158.6483,21.79,87,40,17.0,RU,1702324939
143,kenora,49.8167,-94.4337,20.37,100,100,13.8,CA,1702325067
144,knysna,-34.0363,23.0471,61.21,88,0,4.32,ZA,1702325222
145,la sarre,48.8002,-79.1996,15.06,75,100,7.99,CA,1702325222
146,trenggalek,-8.05,111.7167,74.01,88,100,2.35,ID,1702325222
147,kosti,13.1629,32.6635,81.37,12,89,10.16,SD,1702325223
148,gizo,-8.103,156.8419,81.05,78,99,8.41,SB,1702325224
149,xiva,41.3783,60.3639,6.78,39,0,18.45,UZ,1702325224
150,alice springs,-23.7,133.8833,51.35,76,0,4.61,AU,1702325224
151,el granada,37.5027,-122.4694,64.56,61,0,9.22,US,1702325225
152,tibanbang,6.6315,126.1055,79.14,83,98,4.5,PH,1702325225
153,takoradi,4.8845,-1.7554,81.16,81,47,8.37,GH,1702325225
154,kapa'a,22.0752,-159.319,80.58,86,40,5.75,US,1702325226
155,port alfred,-33.5906,26.891,67.17,93,5,6.67,ZA,1702324951
156,ngaruawahia,-37.6674,175.1555,60.21,68,100,17.0,NZ,1702325226
157,fomboni,-12.28,43.7425,83.08,74,32,13.49,KM,1702325226
158,magistral'nyy,56.1725,107.4458,-34.64,100,62,0.81,RU,1702325227
159,arkhara,49.4212,130.0842,-30.23,100,5,1.99,RU,1702325227
160,kill devil hills,36.0307,-75.676,50.02,60,75,9.22,US,1702325227
161,kegeyli shahar,42.7767,59.6078,1.49,57,2,15.5,UZ,1702325228
162,mogocha,53.7333,119.7667,-30.62,98,6,2.95,RU,1702325228
163,caleta de carquin,-11.0925,-77.6267,73.26,73,7,11.77,PE,1702325229
164,ust-tsilma,65.441,52.1498,4.6,91,100,11.99,RU,1702325229
165,pisco,-13.7,-76.2167,75.25,64,0,16.11,PE,1702325230
166,stanley,54.868,-1.6985,34.77,100,0,1.14,GB,1702325186
167,hawaiian paradise park,19.5933,-154.9731,78.89,97,100,6.91,US,1702325230
168,quang ngai,15.1167,108.8,71.64,91,85,4.56,VN,1702325231
169,qaqortoq,60.7167,-46.0333,28.47,96,100,14.85,GL,1702325231
170,progreso,21.2833,-89.6667,77.11,61,100,14.7,MX,1702325231
171,invercargill,-46.4,168.35,47.73,72,68,19.04,NZ,1702324942
172,port lincoln,-34.7333,135.8667,62.55,82,85,6.02,AU,1702325232
173,irbit,57.6705,63.071,-28.44,99,15,4.03,RU,1702325232
174,ancud,-41.8697,-73.8203,54.91,93,99,10.87,CL,1702325234
175,kuta,-8.7233,115.1723,80.55,83,40,8.05,ID,1702325234
176,atchison,39.563,-95.1216,53.38,48,0,9.71,US,1702325234
177,san juan de miraflores,-12.1629,-76.9635,70.32,73,53,9.86,PE,1702325235
178,mersa matruh,31.3525,27.2453,60.89,66,46,2.33,EG,1702325235
179,tambura,5.6,27.4667,83.82,39,63,0.67,SS,1702325236
180,timimoun,29.2639,0.231,63.7,29,99,8.32,DZ,1702325236
181,geraldton,-28.7667,114.6,68.41,34,0,6.91,AU,1702325236
182,rio brilhante,-21.8019,-54.5464,91.08,45,47,1.41,BR,1702325237
183,funadhoo,6.15,73.2667,82.51,72,99,3.62,MV,1702325237
184,port douglas,-16.4833,145.4667,79.83,71,70,5.53,AU,1702325238
185,camaqua,-30.8511,-51.8122,75.9,63,42,9.66,BR,1702325181
186,shimoda,34.6667,138.95,54.1,95,100,10.02,JP,1702325238
187,zaragoza,41.6561,-0.8773,57.79,69,0,6.91,ES,1702324994
188,caninde de sao francisco,-9.66,-37.7894,92.98,32,66,14.92,BR,1702325239
189,barreirinha,-2.7933,-57.07,77.79,93,100,2.71,BR,1702325239
190,saint-philippe,-21.3585,55.7679,76.59,81,68,10.42,RE,1702325240
191,swakopmund,-22.6833,14.5333,61.99,84,0,1.01,NA,1702325222
192,mpika,-11.8343,31.4529,64.81,90,90,1.39,ZM,1702325240
193,island harbour,50.724,-1.2758,52.93,93,7,5.01,GB,1702325240
194,argo,37.6333,22.7333,49.78,81,25,2.57,GR,1702325241
195,serowe,-22.3833,26.7167,70.45,77,56,6.38,BW,1702325241
196,phalaborwa,-23.943,31.1411,69.55,92,100,4.54,ZA,1702325241
197,kirensk,57.7853,108.1119,-27.04,99,98,1.01,RU,1702325242
198,arauquita,7.0292,-71.4281,92.57,40,13,3.87,CO,1702325242
199,enriquillo,17.9,-71.2333,89.28,69,0,12.82,DO,1702325247
200,mount isa,-20.7333,139.5,76.77,36,0,17.27,AU,1702325248
201,boyolangu,-8.1181,111.8935,74.93,84,100,3.02,ID,1702325248
202,urangan,-25.3,152.9,75.6,66,96,14.65,AU,1702325249
203,yeniseysk,58.4497,92.1703,-27.06,99,35,1.99,RU,1702325249
204,mili,6.0815,171.735,81.82,81,100,19.77,MH,1702325249
205,nagqu,31.5,92.0,2.66,49,74,3.51,CN,1702325250
206,tolanaro,-25.0319,46.9987,76.82,92,100,12.5,MG,1702325250
207,ribeira grande,38.5167,-28.7,59.4,72,40,6.91,PT,1702325250
208,san patricio,28.017,-97.5169,69.66,27,100,7.52,US,1702325251
209,ambovombe,-25.1667,46.0833,75.15,93,95,1.79,MG,1702325251
210,happy valley-goose bay,53.3168,-60.3315,31.68,95,100,3.4,CA,1702325252
211,tahara,34.6667,137.2667,61.03,50,100,15.82,JP,1702325252
212,fortuna,40.5982,-124.1573,59.99,77,0,0.0,US,1702325252
213,salalah,17.0151,54.0924,73.49,28,0,3.44,OM,1702325252
214,mandan,46.8267,-100.8896,35.58,71,75,20.71,US,1702325253
215,qarazhal,48.0078,70.7903,-10.88,83,93,19.98,KZ,1702325254
216,betio village,1.358,172.9211,80.64,73,92,5.48,KI,1702325254
217,antsiranana,-12.2787,49.2917,79.03,82,30,11.88,MG,1702325255
218,suva,-18.1416,178.4415,76.48,78,20,4.61,FJ,1702325020
219,kudahuvadhoo,2.6708,72.8944,82.83,73,28,5.91,MV,1702325255
220,holualoa,19.6228,-155.9522,80.55,71,20,4.61,US,1702325255
221,wanning,18.8003,110.3967,72.1,89,12,3.15,CN,1702325256
222,cumaral,4.2708,-73.4867,85.28,65,78,3.0,CO,1702325256
223,ibicarai,-14.865,-39.5875,84.74,50,51,10.42,BR,1702325256
224,dongola,19.1667,30.4833,70.41,18,4,11.12,SD,1702325089
225,crane,31.3974,-102.3501,61.29,14,10,3.47,US,1702325257
226,dryden,49.7833,-92.7503,19.69,93,100,13.8,CA,1702325009
227,aasiaat,68.7098,-52.8699,30.09,76,100,11.01,GL,1702325257
228,enewetak,11.3474,162.3373,81.7,79,15,21.36,MH,1702325258
229,cafarnaum,-11.6936,-41.4683,90.28,24,98,11.45,BR,1702325089
230,hithadhoo,-0.6,73.0833,82.45,75,18,5.12,MV,1702325258
231,polyarnyy,69.1989,33.4478,8.47,91,94,17.02,RU,1702325259
232,agios nikolaos,35.1914,25.7133,59.77,81,97,8.57,GR,1702325259
233,porto novo,6.4965,2.6036,84.02,75,82,7.58,BJ,1702325048
234,port saint john's,-31.6229,29.5448,68.43,89,97,5.28,ZA,1702325259
235,hamilton,39.1834,-84.5333,42.66,63,0,7.0,US,1702325230
236,sinop,41.7711,34.8709,45.34,80,97,4.0,TR,1702325260
237,sandnessjoen,66.0217,12.6316,21.42,79,0,2.3,NO,1702325260
238,pont rouge,48.8833,-72.0825,25.09,91,100,12.53,CA,1702325154
239,luz,-19.8014,-45.6856,75.99,78,90,7.38,BR,1702325261
240,mae chan,20.1467,99.8526,71.24,98,36,1.39,TH,1702325261
241,madzhalis,42.1217,47.8333,37.17,95,100,6.69,RU,1702325261
242,laguna,38.421,-121.4238,60.08,62,0,5.75,US,1702325262
243,kirando,-7.4167,30.6,73.78,83,100,5.12,TZ,1702325262
244,labuan,5.2767,115.2417,81.16,81,3,5.79,MY,1702325262
245,isangel,-19.55,169.2667,75.18,65,100,13.44,VU,1702325262
246,rudnichnyy,59.617,52.4703,-10.08,84,98,9.6,RU,1702325263
247,labytnangi,66.6572,66.4183,-19.1,99,100,7.78,RU,1702325263
248,chibougamau,49.9168,-74.3659,17.22,79,100,6.91,CA,1702325263
249,amga,60.8953,131.9608,-21.17,96,100,5.75,RU,1702325263
250,touros,-5.1989,-35.4608,81.7,69,0,13.78,BR,1702325264
251,wynyard,-41.0,145.7167,59.32,87,100,7.23,AU,1702325264
252,bandarbeyla,9.4942,50.8122,77.76,70,84,20.54,SO,1702325264
253,wingham,43.8879,-81.3114,33.28,79,100,13.87,CA,1702325264
254,pratt,37.6439,-98.7376,61.41,23,0,4.61,US,1702325265
255,buchanan,5.8808,-10.0467,80.6,81,20,5.93,LR,1702325139
256,bloemfontein,-29.1211,26.214,58.48,82,0,2.3,ZA,1702325158
257,lobujya,27.95,86.8167,3.58,60,39,1.99,NP,1702325266
258,palmer,42.1584,-72.3287,42.4,66,75,17.27,US,1702325266
259,uribia,11.7139,-72.266,90.21,48,0,23.17,CO,1702325266
260,mar del plata,-38.0023,-57.5575,82.83,84,42,31.0,AR,1702325266
261,utrik,11.2278,169.8474,80.82,72,15,21.34,MH,1702325267
262,nadi,-17.8,177.4167,78.8,61,20,5.75,FJ,1702325267
263,moires,35.0532,24.8744,57.96,83,39,3.0,GR,1702325267
264,vernon,50.2581,-119.2691,39.61,91,79,1.99,CA,1702325140
265,masuguru,-11.3667,38.4167,76.59,88,91,4.47,TZ,1702325267
266,puerto baquerizo moreno,-0.9,-89.6,83.39,65,75,9.22,EC,1702325268
267,champerico,14.3,-91.9167,95.54,64,3,6.42,GT,1702325268
268,buka,40.8108,69.1986,26.13,95,100,11.25,UZ,1702325018
269,at taj,24.2049,23.2857,58.95,56,41,11.03,LY,1702325268
270,homer,59.6425,-151.5483,35.8,75,100,20.0,US,1702325268
271,talcahuano,-36.7167,-73.1167,62.28,63,75,9.22,CL,1702325126
272,calvi,42.5,8.8333,61.43,55,0,24.16,FR,1702325269
273,chegdomyn,51.1167,133.0167,-25.04,99,43,1.54,RU,1702325269
274,gangtok,27.3333,88.6167,44.91,63,17,5.88,IN,1702325269
275,remire-montjoly,4.9167,-52.2667,86.04,70,20,14.97,GF,1702325269
276,floro,61.5996,5.0328,35.56,60,0,10.36,NO,1702325269
277,juneau,58.3019,-134.4197,39.2,93,100,23.02,US,1702325026
278,azemmour,33.2895,-8.3425,65.19,75,76,4.0,MA,1702325270
279,brisas de zicatela,15.8369,-97.0419,86.52,58,75,5.75,MX,1702325270
280,yreka,41.7354,-122.6345,45.48,84,100,0.0,US,1702325270
281,muroto-misakicho,33.2833,134.15,65.89,92,99,10.42,JP,1702325270
282,buta,2.7858,24.73,71.82,94,100,1.66,CD,1702325270
283,tateyama,34.9833,139.8667,55.33,100,75,1.14,JP,1702325270
284,codrington,-38.2667,141.9667,63.12,93,100,12.39,AU,1702325271
285,saipan,15.1355,145.701,81.3,83,20,10.36,MP,1702325271
286,bangolo,7.0069,-7.475,80.42,46,100,2.17,CI,1702325271
287,princeville,45.7668,-61.2985,60.46,90,100,5.99,CA,1702325271
288,coalcoman de vazquez pallares,18.7833,-103.15,75.65,51,97,3.78,MX,1702325271
289,syumsi,57.1111,51.6149,-12.48,88,85,8.41,RU,1702325271
290,khenifra,32.9333,-5.6667,64.29,41,56,2.3,MA,1702325272
291,orchard homes,46.8633,-114.0484,39.27,95,100,1.01,US,1702325272
292,bodden town,19.2833,-81.25,82.4,85,75,11.5,KY,1702325272
293,sao paulo de olivenca,-3.3783,-68.8725,84.94,85,76,1.19,BR,1702325272
294,popondetta,-8.7537,148.2534,73.13,95,97,2.51,PG,1702325272
295,trinitapoli,41.3572,16.0874,58.05,73,68,11.36,IT,1702325272
296,sant antoni de portmany,38.9807,1.3036,62.1,83,0,6.91,ES,1702325273
297,robore,-18.3333,-59.75,82.81,70,98,5.19,BO,1702325273
298,vozhega,60.4725,40.2213,14.38,91,100,10.69,RU,1702325273
299,aykhal,66.0,111.5,-16.91,99,100,4.81,RU,1702325273
300,fort st. john,56.2499,-120.8529,25.61,67,99,2.64,CA,1702325273
301,walvis bay,-22.9575,14.5053,62.1,82,18,3.18,NA,1702325273
302,valparaiso,-33.0393,-71.6273,71.83,61,0,14.97,CL,1702325100
303,sinabang,2.4803,96.3801,78.13,84,96,2.17,ID,1702325274
304,san jose del cabo,23.0589,-109.6977,83.59,52,0,5.75,MX,1702325274
305,la passe,45.5549,-0.8967,57.43,94,100,13.71,FR,1702325274
306,kununurra,-15.7667,128.7333,82.38,83,100,0.0,AU,1702325274
307,turpan,42.9333,89.1667,32.4,63,100,1.77,CN,1702325274
308,yunyang,33.4474,112.7142,32.27,90,85,2.51,CN,1702325275
309,puerto quijarro,-17.7833,-57.7667,80.65,77,99,3.69,BO,1702325275
310,tazacorte,28.629,-17.9293,71.15,51,0,8.99,ES,1702325275
311,olmos,-5.9847,-79.7453,84.9,37,3,11.88,PE,1702325275
312,chifeng,42.2683,118.9636,3.79,69,10,0.87,CN,1702325275
313,saint-francois,46.4154,3.9054,56.64,80,100,16.11,FR,1702325276
314,pontian kechil,1.4866,103.3896,78.01,93,95,7.72,MY,1702325276
315,santa terezinha,-29.9002,-50.0904,72.54,77,10,13.18,BR,1702325276
316,malango,-2.9627,119.9001,67.82,96,86,2.66,ID,1702325276
317,hawkinsville,32.2838,-83.4721,58.35,30,0,8.12,US,1702325276
318,saint-pierre,-21.3393,55.4781,76.68,73,0,14.97,RE,1702325276
319,shimanovsk,52.0,127.7,-13.65,86,3,6.42,RU,1702325277
320,belyy yar,53.6039,91.3903,-31.11,75,40,0.0,RU,1702325277
321,ulsteinvik,62.3432,5.8487,33.75,79,11,3.0,NO,1702325277
322,narsingdi,23.9208,90.7181,64.42,71,0,2.91,BD,1702325277
323,northam,51.0333,-4.2167,54.66,95,21,14.58,GB,1702325277
324,nuku'alofa,-21.1333,-175.2,80.94,65,20,10.36,TO,1702325167
325,muravlenko,63.7898,74.523,-17.36,89,100,11.21,RU,1702325278
326,kolonia,50.9333,6.95,50.88,85,75,8.05,DE,1702325236
327,det udom,14.906,105.0784,76.15,66,100,2.71,TH,1702325278
328,hasaki,35.7333,140.8333,52.29,92,100,8.25,JP,1702325278
329,ajdabiya,30.7554,20.2263,64.0,61,40,10.67,LY,1702325278
330,novyy urgal,51.0736,132.5642,-25.67,99,18,1.61,RU,1702325278
331,la libertad,-2.2333,-80.9,82.06,69,20,11.5,EC,1702325279
332,bandon,51.7469,-8.7425,49.59,92,100,11.45,IE,1702325279
333,coquimbo,-29.9533,-71.3436,64.54,74,5,11.23,CL,1702325279
334,east london,-33.0153,27.9116,68.61,83,79,6.89,ZA,1702325279
335,kapuskasing,49.4169,-82.4331,17.73,72,86,6.71,CA,1702325279
336,vinogradovo,56.9333,37.55,17.82,93,100,12.5,RU,1702325279
337,aktau,43.65,51.2,12.78,85,95,22.82,KZ,1702325280
338,anadyr,64.75,177.4833,-14.01,75,0,8.95,RU,1702325280
339,choyr,46.3611,108.3611,-0.51,95,100,3.83,MN,1702325280
340,krapina,46.1608,15.8789,49.37,96,98,4.03,HR,1702325280
341,nizhniy ingash,56.2,96.53,-32.08,100,38,2.06,RU,1702325280
342,hood river,45.7054,-121.5215,47.43,97,100,7.0,US,1702325038
343,maracaju,-21.6144,-55.1683,88.72,52,53,4.03,BR,1702325281
344,xilin hot,43.9667,116.0333,1.6,96,100,3.15,CN,1702325281
345,huilong,31.8111,121.655,43.32,83,100,19.37,CN,1702325281
346,midvagur,62.0511,-7.1939,38.23,100,20,6.91,FO,1702325281
347,gereida,11.2811,25.1414,80.1,17,51,4.36,SD,1702325282
348,copan,14.8333,-89.15,81.5,83,70,6.53,HN,1702325282
349,artesia,33.8658,-118.0831,77.72,55,0,4.61,US,1702325282
350,dickinson,29.4608,-95.0513,66.16,45,0,6.91,US,1702325282
351,vila velha,-20.3297,-40.2925,82.35,81,40,16.11,BR,1702325283
352,derzhavinsk,51.1,66.3167,-20.38,92,8,13.96,KZ,1702325283
353,bardai,11.65,7.2333,63.19,26,0,9.26,NG,1702325283
354,papao,-17.75,-149.55,83.88,81,90,24.61,PF,1702325283
355,santa elena,-2.2333,-80.85,81.95,69,20,11.5,EC,1702325284
356,fisterra,42.9049,-9.2629,63.75,95,100,26.24,ES,1702325284
357,santa lucia,27.9117,-15.5407,65.77,43,0,4.61,ES,1702325284
358,tshabong,-26.05,22.45,75.34,18,0,10.63,BW,1702325284
359,brezina,33.0989,1.2608,60.73,26,59,5.99,DZ,1702325285
360,lompoc,34.6391,-120.4579,75.78,53,0,17.0,US,1702325178
361,tsiombe,-25.3,45.4833,76.17,92,72,2.89,MG,1702325285
362,yorkton,51.2167,-102.4677,24.64,63,75,31.07,CA,1702325286
363,dakhla,23.6848,-15.958,69.67,54,18,10.67,EH,1702325286
364,ironwood,46.4547,-90.171,23.81,79,20,12.66,US,1702325286
365,fale old settlement,-9.3852,-171.2468,83.44,79,100,22.41,TK,1702325286
366,praia,14.9215,-23.5087,77.54,73,6,13.8,CV,1702325287
367,kittila,67.6647,24.8936,8.74,92,100,3.44,FI,1702325287
368,port shepstone,-30.7414,30.455,68.63,88,100,6.22,ZA,1702325287
369,berlin,52.5244,13.4105,47.89,95,100,13.8,DE,1702324769
370,nieuw amsterdam,5.8833,-55.0833,84.22,83,40,4.61,SR,1702325288
371,usinsk,65.9939,57.5281,-4.94,89,100,25.99,RU,1702325288
372,springbok,-29.6643,17.8865,61.77,34,0,5.41,ZA,1702325288
373,la mira,18.035,-102.3266,87.15,46,100,1.57,MX,1702325289
374,moapa valley,36.5805,-114.4703,58.68,13,99,0.85,US,1702325289
375,khash,28.2211,61.2158,54.03,28,100,4.65,IR,1702325289
376,santiago,-33.4569,-70.6483,85.33,34,0,14.97,CL,1702325096
377,coahuayana de hidalgo,18.7,-103.6583,91.67,38,61,3.44,MX,1702325290
378,sinnar,13.5691,33.5672,80.73,13,79,9.73,SD,1702325290
379,oliver,49.1831,-119.5524,43.0,76,15,4.12,CA,1702325290
380,klichaw,53.4928,29.3352,31.26,97,100,12.55,BY,1702325290
381,usogorsk,63.4106,48.6872,3.67,92,100,11.72,RU,1702325291
382,greenville,35.6127,-77.3663,47.14,63,100,5.75,US,1702324567
383,lerwick,60.1545,-1.1494,39.2,72,100,8.84,GB,1702325291
384,karratha,-20.7377,116.8463,76.42,50,0,7.72,AU,1702325020
385,margate,51.3813,1.3862,46.69,83,0,3.0,GB,1702324773
386,upington,-28.4478,21.2561,75.38,21,0,9.19,ZA,1702325292
387,west fargo,46.875,-96.9004,30.2,75,40,12.66,US,1702325261
388,palpala,-24.2565,-65.2116,84.09,43,100,7.56,AR,1702325292
389,beira,-19.8436,34.8389,80.69,94,20,9.22,MZ,1702325293
390,kolonia town,6.964,158.206,82.4,83,100,5.75,FM,1702325293
391,sylvan lake,52.3168,-114.0853,21.49,85,60,4.12,CA,1702325293
392,rozhyshche,50.9154,25.2691,35.37,96,100,12.57,UA,1702325293
393,obock,12.25,43.0833,68.14,75,10,15.66,DJ,1702325294
394,chapala,20.3,-103.2,63.84,75,100,6.96,MX,1702325294
395,grajau,-5.8194,-46.1386,79.97,78,100,5.21,BR,1702325146
396,zhezqazghan,47.7833,67.7667,-9.42,68,6,19.69,KZ,1702325295
397,boende,-0.2167,20.8667,72.48,97,100,2.28,CD,1702325295
398,uturoa,-16.7333,-151.4333,80.4,76,73,20.29,PF,1702325295
399,unhel,23.3333,75.5667,61.83,46,95,6.02,IN,1702325295
400,guerrero negro,27.9769,-114.0611,72.12,30,77,3.53,MX,1702325295
401,kyren,51.6828,102.1408,-12.05,91,33,1.01,RU,1702325296
402,zaozersk,69.4005,32.4476,6.3,91,33,16.06,RU,1702325296
403,pak phanang,8.3511,100.202,79.54,83,39,4.83,TH,1702325297
404,jayapura,-2.5333,140.7,79.99,92,100,5.41,ID,1702325297
405,yuzhno-kurilsk,44.0306,145.8556,33.37,76,100,4.61,RU,1702325297
406,angaur state,6.906,134.13,82.96,76,90,13.98,PW,1702325298
407,galveston,29.3669,-94.9669,66.18,46,0,8.05,US,1702325298
408,queenstown,-31.8976,26.8753,62.51,73,63,1.19,ZA,1702325298
409,cockburn town,21.4612,-71.1419,80.56,74,40,13.8,TC,1702325298
410,sangueya,10.7,-14.3667,76.89,70,3,4.72,GN,1702325299
411,kudat,6.8837,116.8477,78.91,85,85,7.99,MY,1702325299
412,tarawa,1.419,172.984,80.69,94,75,5.75,KI,1702325299
413,kampong thom,12.7111,104.8887,74.73,83,93,4.47,KH,1702325300
414,jutai,-5.1833,-68.9,84.85,84,96,1.86,BR,1702325300
415,vryheid,-27.7695,30.7917,59.25,89,55,7.2,ZA,1702325300
416,ivolginsk,51.7492,107.2837,-31.34,68,20,2.24,RU,1702325300
417,tokar,18.4254,37.729,80.6,73,100,7.0,SD,1702325301
418,flying fish cove,-10.4217,105.6791,74.88,88,75,5.75,CX,1702325301
419,phan rang-thap cham,11.5667,108.9833,70.93,91,94,6.33,VN,1702325301
420,ciudad lazaro cardenas,17.9583,-102.2,87.03,48,100,0.56,MX,1702325003
421,sao joao da barra,-21.6403,-41.0511,78.89,88,100,9.42,BR,1702325039
422,hilo,19.7297,-155.09,79.11,95,100,6.91,US,1702325302
423,fray luis beltran,-39.3167,-65.7667,94.5,13,23,22.64,AR,1702325302
424,kuala tungkal,-0.8167,103.4667,76.6,93,85,5.3,ID,1702325244
425,pauini,-7.7136,-66.9764,93.85,48,88,1.88,BR,1702325302
426,muynoq,43.7683,59.0214,20.28,73,100,20.22,UZ,1702325303
427,kerikeri,-35.2268,173.9474,62.91,76,48,11.45,NZ,1702325300
428,burang,30.25,81.1667,6.66,69,2,2.39,CN,1702325303
429,pangody,65.85,74.4859,-15.48,90,100,12.28,RU,1702325304
430,tarfaya,27.9358,-12.9218,69.84,60,35,8.43,MA,1702325304
431,vadso,70.0744,29.7487,14.88,85,20,12.66,NO,1702325304
432,portland,45.5234,-122.6762,52.84,95,75,3.44,US,1702325023
433,eraan,9.0629,117.7016,77.72,85,0,4.21,PH,1702325305
434,seryshevo,51.0933,128.3786,-24.9,97,5,4.0,RU,1702325305
435,i-n-salah,27.1935,2.4607,63.25,32,0,11.99,DZ,1702325305
436,zemio,5.0314,25.1361,79.77,57,98,3.0,CF,1702325305
437,oranjemund,-28.55,16.4333,61.79,91,0,13.96,NA,1702325306
438,wanxian,30.8039,108.3897,52.52,86,100,4.14,CN,1702325306
439,napili-honokowai,20.9708,-156.6705,83.32,80,2,10.69,US,1702325306
440,yendi,9.4427,-0.0099,82.8,12,68,4.29,GH,1702325306
441,vieux-habitants,16.0589,-61.7659,84.7,76,17,13.58,GP,1702325307
442,pacific grove,36.6177,-121.9166,63.9,48,0,11.99,US,1702324998
443,ermenek,36.6404,32.8918,35.64,91,17,3.51,TR,1702325307
444,north bend,43.4065,-124.2243,57.24,87,100,12.66,US,1702325307
445,torghay,49.6339,63.4981,-16.08,70,6,18.39,KZ,1702325308
446,weno,7.4515,151.8468,78.75,89,100,10.36,FM,1702325308
447,curvelo,-18.7564,-44.4308,88.47,36,88,5.84,BR,1702325136
448,gorom-gorom,14.4439,-0.2361,75.7,17,0,10.54,BF,1702325308
449,playas,-2.6333,-80.3833,80.15,77,38,15.77,EC,1702325308
450,ola,59.5833,151.2833,18.01,91,100,10.67,RU,1702325309
451,merizo village,13.2658,144.6691,80.33,94,82,13.13,GU,1702325309
452,peniche,39.3558,-9.3811,65.28,93,100,13.69,PT,1702325310
453,retreat,38.8245,-85.8533,42.98,48,2,4.0,US,1702325310
454,igarka,67.4667,86.5833,-11.29,99,100,8.08,RU,1702325310
455,tionk essil,12.7856,-16.5217,75.97,49,0,6.58,SN,1702325310
456,tver,56.8619,35.8931,17.29,94,100,8.99,RU,1702325311
457,lagoa,39.05,-27.9833,59.61,66,1,15.73,PT,1702325311
458,bikenibeu village,1.3673,173.1241,80.56,94,75,5.75,KI,1702325311
459,paysandu,-32.3214,-58.0756,85.6,50,0,11.92,UY,1702325262
460,namtsy,62.7161,129.6658,-26.16,96,100,4.56,RU,1702325312
461,ingeniero jacobacci,-41.3427,-69.5448,68.88,26,1,31.38,AR,1702325312
462,tamanrasset,22.785,5.5228,62.51,17,0,8.05,DZ,1702325312
463,minab,27.1467,57.0801,71.78,43,100,1.03,IR,1702325313
464,lamu,-2.2717,40.902,79.02,88,100,8.21,KE,1702325313
465,bel ombre,-4.6167,55.4167,81.81,76,98,2.06,SC,1702325313
466,berezovyy,51.6667,135.7,-12.12,70,0,5.84,RU,1702325313
467,nkhotakota,-12.9274,34.2961,80.44,69,46,6.71,MW,1702325313
468,la ronge,55.1001,-105.2842,12.6,70,96,20.4,CA,1702325314
469,nova sintra,14.8667,-24.7167,73.85,65,22,17.74,CV,1702325314
470,cox's bazar,21.4532,91.9798,62.62,79,0,7.67,BD,1702325120
471,souillac,-20.5167,57.5167,77.38,78,20,5.75,MU,1702325314
472,saguenay,48.4168,-71.0657,28.08,92,100,5.01,CA,1702325311
473,prainha,-1.8,-53.48,89.67,51,84,6.42,BR,1702325315
474,howrah,22.5892,88.3103,62.6,82,0,3.44,IN,1702325315
475,yemel'yanovo,56.1681,92.6767,-37.91,73,58,0.0,RU,1702325315
476,anisoc,1.8658,10.7689,72.05,98,100,2.15,GQ,1702325316
477,kaa-khem,51.6833,94.7333,-29.6,97,90,1.97,RU,1702325316
478,hammerfest,70.6634,23.6821,28.85,93,75,10.36,NO,1702325316
479,la punta,-33.1837,-66.3127,88.61,29,0,17.38,AR,1702325316
480,narok,-1.0783,35.8601,61.65,86,95,4.97,KE,1702325317
481,trujillo,-8.116,-79.03,69.76,78,46,10.36,PE,1702325317
482,agua branca,-5.8922,-42.6361,90.39,40,92,0.65,BR,1702325317
483,diego martin,10.7005,-61.5342,83.16,71,65,8.84,TT,1702325317
484,sumbe,-11.2061,13.8437,78.35,84,100,3.15,AO,1702325318
485,turriff,57.5384,-2.4593,42.85,86,100,9.33,GB,1702325318
486,funafuti,-8.5243,179.1942,86.0,79,75,0.0,TV,1702325319
487,sarmiento,-45.5882,-69.07,70.56,22,70,22.08,AR,1702325319
488,mulayjah,27.271,48.4242,67.59,34,60,2.15,SA,1702325319
489,ma'rib,15.4591,45.3253,60.4,26,10,1.88,YE,1702325319
490,laghouat,33.8,2.8651,61.25,24,4,4.63,DZ,1702325320
491,la rinconada,37.4873,-5.9826,61.05,90,0,1.14,ES,1702325320
492,mokhsogollokh,61.4681,128.9203,-18.65,91,100,9.04,RU,1702325320
493,illizi,26.4833,8.4667,58.14,35,0,6.49,DZ,1702325320
494,hami,42.8,93.45,28.35,53,100,3.42,CN,1702325071
495,marana,32.4367,-111.2254,77.76,12,100,3.53,US,1702325182
496,nadym,65.5333,72.5167,-18.11,89,100,12.24,RU,1702325321
497,bowen,-20.0167,148.2333,78.58,85,96,22.01,AU,1702325321
498,sidi ifni,29.3797,-10.173,70.38,49,60,6.35,MA,1702325321
499,phillaur,31.0292,75.7842,50.85,33,0,4.81,IN,1702325321
500,karaton,-6.3424,106.1045,73.92,91,83,4.79,ID,1702325322
501,kralendijk,12.15,-68.2667,84.18,79,40,16.11,BQ,1702325206
502,fort bragg,35.139,-79.006,48.81,55,75,9.22,US,1702325322
503,harstad,68.799,16.5293,28.15,94,77,4.76,NO,1702325322
504,ar rutbah,33.0381,40.2848,60.26,52,100,5.19,IQ,1702325322
505,mana,5.6592,-53.7767,82.9,76,97,9.66,GF,1702325322
506,daru,-9.0763,143.2092,76.08,92,57,7.47,PG,1702325323
507,motueka,-41.1333,173.0167,63.1,55,100,6.78,NZ,1702325323
508,nuuk,64.1835,-51.7216,34.41,80,100,41.43,GL,1702325323
509,halifax,44.6453,-63.5724,58.89,91,100,21.85,CA,1702325098
510,vila franca do campo,37.7167,-25.4333,59.41,82,99,6.64,PT,1702325323
511,puerto morazan,12.8504,-87.1717,94.53,44,72,7.87,NI,1702325324
512,oltinko'l,40.8011,72.1634,40.24,93,100,5.91,UZ,1702325324
513,secovce,48.7007,21.661,36.84,98,100,7.74,SK,1702325324
514,kourou,5.1552,-52.6478,86.05,72,100,7.83,GF,1702325324
515,chui,-33.6971,-53.4616,71.4,69,16,12.01,UY,1702325161
516,grand falls-windsor,48.9332,-55.6649,56.5,87,100,7.0,CA,1702325325
517,khandud,36.9513,72.318,23.29,92,100,4.94,AF,1702325325
518,magdagachi,53.45,125.8,-19.91,85,1,5.59,RU,1702325325
519,renfrew,55.872,-4.3925,44.15,98,100,6.91,GB,1702325325
520,svetlyy,54.675,20.1347,32.05,99,100,1.1,RU,1702325325
521,brady,31.1352,-99.3351,67.35,20,0,4.61,US,1702325270
522,trashigang,27.3331,91.5542,50.2,77,14,5.03,BT,1702325326
523,'alaqahdari dishu,30.4374,63.313,56.88,30,24,5.35,AF,1702325326
524,yuxia,34.0615,108.6291,38.62,82,1,3.18,CN,1702325326
525,xai-xai,-25.0519,33.6442,74.79,97,99,4.63,MZ,1702325326
526,koryazhma,61.3143,47.1691,8.91,91,100,12.37,RU,1702325326
527,robertsport,6.7533,-11.3686,81.84,79,39,8.77,LR,1702325327
528,prince albert,53.2001,-105.7677,19.47,41,0,21.45,CA,1702325327
529,ugoofaaru,5.6667,73.0,82.56,76,87,8.03,MV,1702325327
530,akjoujt,19.6969,-14.4164,73.63,14,8,6.89,MR,1702325327
531,novodvinsk,64.4165,40.8122,4.78,93,100,7.02,RU,1702325121
532,katabu,-4.9333,122.5167,77.61,89,94,1.88,ID,1702325328
533,hotan,37.0997,79.9269,36.79,28,100,7.74,CN,1702325328
534,dhidhdhoo,6.8833,73.1,82.36,73,93,3.91,MV,1702325328
535,faya-largeau,17.9257,19.1043,67.69,31,0,17.63,TD,1702325328
536,la'ie,21.6477,-157.9253,84.16,80,19,8.01,US,1702325328
537,ericeira,38.9627,-9.4156,65.35,93,100,13.11,PT,1702325329
538,mo i rana,66.3128,14.1428,9.32,85,0,4.61,NO,1702325329
539,kokopo,-4.352,152.2633,76.01,85,97,3.6,PG,1702325329
540,changsha,28.2,112.9667,40.86,77,81,8.81,CN,1702325329
541,xianyang,34.3378,108.7026,37.22,90,1,6.35,CN,1702325329
542,alofi,-19.0595,-169.9187,76.89,94,100,5.75,NU,1702325330
543,conception bay south,47.4999,-52.9981,51.04,97,100,22.82,CA,1702325330
544,shingu,33.7333,135.9833,63.16,97,100,13.65,JP,1702325330
545,cerritos,33.8583,-118.0648,77.74,56,75,4.61,US,1702325330
546,itoman,26.1247,127.6694,71.98,100,75,20.71,JP,1702325330
547,new norfolk,-42.7826,147.0587,51.71,80,92,1.61,AU,1702325331
548,tindouf,27.6711,-8.1474,63.55,27,61,11.03,DZ,1702325331
549,urengoy,65.9667,78.3667,-14.51,90,100,8.48,RU,1702325331
550,zaigrayevo,51.8336,108.2703,-21.98,99,50,0.45,RU,1702325331
551,marsabit,2.3284,37.9899,71.04,56,100,10.11,KE,1702325331
552,chernomorskoye,45.5039,32.6997,46.71,92,100,9.06,UA,1702325332
553,antofagasta,-23.65,-70.4,69.08,65,100,8.68,CL,1702325171
554,salym,60.0625,71.4789,-26.0,98,25,3.06,RU,1702325332
555,allapalli,19.4167,80.0667,60.39,74,28,1.12,IN,1702325332
556,rio grande,-32.035,-52.0986,80.71,77,12,14.29,BR,1702325166
557,bandar,2.05,99.75,74.5,97,100,2.01,ID,1702325332
558,gwalior,26.2236,78.1792,59.81,49,0,3.78,IN,1702325333
559,muslyumovo,55.3033,53.1947,-10.39,96,29,6.44,RU,1702325333
560,mossel bay,-34.1831,22.146,64.33,78,0,5.53,ZA,1702325333
561,newman,37.3138,-121.0208,57.24,52,93,4.0,US,1702325333
562,cananeia,-25.0147,-47.9267,72.55,81,100,5.73,BR,1702325334
563,mukalla,14.5425,49.1242,74.21,68,13,1.5,YE,1702325334
564,al jawf,29.5,38.75,62.8,81,100,7.87,SA,1702325334
565,perbaungan,3.5679,98.956,77.11,93,100,7.36,ID,1702325334
566,umm kaddadah,13.6017,26.6876,74.71,13,99,13.58,SD,1702325334
567,salinopolis,-0.6136,-47.3561,83.19,74,79,13.82,BR,1702325264
568,afif,23.9065,42.9172,62.29,18,55,9.53,SA,1702325335
569,colonia,50.9333,6.95,50.88,85,75,8.05,DE,1702325335
570,waddan,29.1614,16.139,59.07,65,48,10.2,LY,1702325335
571,pembroke,45.8168,-77.1162,24.78,71,100,10.16,CA,1702325138
572,wattegama,6.7989,81.4808,73.62,95,58,4.03,LK,1702325335
573,wewak,-3.5534,143.6268,77.94,90,99,5.57,PG,1702325336
574,lospalos,-8.5186,127.0025,74.77,87,100,3.02,TL,1702325336
575,qurayyat,31.3318,37.3428,55.58,88,80,6.91,SA,1702325336
576,tomaszow lubelski,50.4477,23.4162,35.13,98,100,14.18,PL,1702325336
577,sangre grande,10.5835,-61.1177,86.94,100,68,7.27,TT,1702325336
578,sidrolandia,-20.9319,-54.9614,89.02,48,73,3.42,BR,1702325336
579,kailua-kona,19.6406,-155.9956,84.27,72,20,4.61,US,1702325337
580,kamianske,48.5113,34.6021,35.64,100,100,5.1,UA,1702325233
581,matay,28.419,30.7792,61.21,44,0,8.77,EG,1702325337
